"test","master_p95_ms","branch_p95_ms","delta_p95_ms_pct","master_p95_mgas","branch_p95_mgas","master_runs","branch_runs"
"tests_benchmark_compute_instruction_test_memory.py__test_memory_access[fork_Prague-benchmark-blockchain_test_engine_x-mem_size_0-offset_initialized_False-offset_0-opcode_MSTORE]-gas-value_100M.txt","333.6743","294.159","-11.84","299.69","339.95","214.3132,200.7741,198.3634,363.5146,163.4381","322.3808,162.1632,162.0359,181.2718,162.9754"
"tests_benchmark_compute_instruction_test_memory.py__test_memory_access[fork_Prague-benchmark-blockchain_test_engine_x-mem_size_0-offset_initialized_False-offset_0-opcode_MSTORE8]-gas-value_100M.txt","932.172","509.3046","-45.36","107.28","196.35","195.8674,173.7131,188.2856,971.476,774.9561","183.2276,166.2623,162.9844,165.8121,590.8238"
"tests_benchmark_compute_instruction_test_memory.py__test_memory_access[fork_Prague-benchmark-blockchain_test_engine_x-mem_size_0-offset_initialized_False-offset_1-opcode_MSTORE]-gas-value_100M.txt","255.9774","215.7545","-15.71","390.66","463.49","201.5588,180.7491,181.7411,269.582,158.9959","218.4181,163.1017,158.2277,205.1002,153.309"
"tests_benchmark_compute_instruction_test_memory.py__test_memory_access[fork_Prague-benchmark-blockchain_test_engine_x-mem_size_0-offset_initialized_False-offset_1-opcode_MSTORE8]-gas-value_100M.txt","287.1258","190.314","-33.72","348.28","525.45","173.3667,170.0856,172.4612,315.5656,152.3146","196.7045,155.6502,163.0923,161.5936,164.7521"
"tests_benchmark_compute_instruction_test_memory.py__test_memory_access[fork_Prague-benchmark-blockchain_test_engine_x-mem_size_0-offset_initialized_False-offset_31-opcode_MSTORE]-gas-value_100M.txt","208.1038","207.121","-0.47","480.53","482.81","183.53,169.4626,169.3258,214.2472,155.5117","209.8339,150.7036,196.2693,152.4132,143.2702"
"tests_benchmark_compute_instruction_test_memory.py__test_memory_access[fork_Prague-benchmark-blockchain_test_engine_x-mem_size_0-offset_initialized_False-offset_31-opcode_MSTORE8]-gas-value_100M.txt","325.0184","207.1648","-36.26","307.67","482.71","183.6692,163.2832,188.1688,359.2308,161.3712","221.6753,146.1834,149.123,146.2952,143.982"
"tests_benchmark_compute_instruction_test_memory.py__test_memory_access[fork_Prague-benchmark-blockchain_test_engine_x-mem_size_0-offset_initialized_True-offset_0-opcode_MSTORE]-gas-value_100M.txt","199.6076","183.3083","-8.17","500.98","545.53","200.762,181.266,175.1411,194.9901,177.8348","166.5388,143.6737,187.5007,159.7302,141.1728"
"tests_benchmark_compute_instruction_test_memory.py__test_memory_access[fork_Prague-benchmark-blockchain_test_engine_x-mem_size_0-offset_initialized_True-offset_0-opcode_MSTORE8]-gas-value_100M.txt","269.23","915.0425","239.87","371.43","109.28","172.5627,205.074,184.7426,285.269,151.4729","1104.1529,151.7235,142.7958,158.6008,137.7106"
"tests_benchmark_compute_instruction_test_memory.py__test_memory_access[fork_Prague-benchmark-blockchain_test_engine_x-mem_size_0-offset_initialized_True-offset_1-opcode_MSTORE]-gas-value_100M.txt","276.7207","168.867","-38.98","361.38","592.18","177.4198,158.8449,173.252,287.8078,232.3725","142.712,170.3639,158.7532,162.8794,155.7416"
"tests_benchmark_compute_instruction_test_memory.py__test_memory_access[fork_Prague-benchmark-blockchain_test_engine_x-mem_size_0-offset_initialized_True-offset_1-opcode_MSTORE8]-gas-value_100M.txt","273.1488","175.2331","-35.85","366.1","570.67","161.1011,171.5226,162.6574,298.5554,148.4508","135.1275,135.8741,180.4479,154.3737,130.2409"
"tests_benchmark_compute_instruction_test_memory.py__test_memory_access[fork_Prague-benchmark-blockchain_test_engine_x-mem_size_0-offset_initialized_True-offset_31-opcode_MSTORE]-gas-value_100M.txt","170.5623","153.8834","-9.78","586.3","649.84","171.799,163.552,165.6154,159.2433,150.5484","145.0635,148.6904,147.4568,155.1816,147.2637"
"tests_benchmark_compute_instruction_test_memory.py__test_memory_access[fork_Prague-benchmark-blockchain_test_engine_x-mem_size_0-offset_initialized_True-offset_31-opcode_MSTORE8]-gas-value_100M.txt","176.3272","160.8553","-8.77","567.13","621.68","158.8362,177.0281,173.5238,153.7358,170.4983","143.4524,149.3838,143.8802,163.7232,138.4902"
"tests_benchmark_compute_instruction_test_memory.py__test_memory_access[fork_Prague-benchmark-blockchain_test_engine_x-mem_size_10240-offset_initialized_False-offset_0-opcode_MSTORE]-gas-value_100M.txt","188.6703","196.571","4.19","530.03","508.72","192.1806,174.6293,163.1233,156.4131,141.3774","142.4784,157.7634,155.3359,206.2729,140.4385"
"tests_benchmark_compute_instruction_test_memory.py__test_memory_access[fork_Prague-benchmark-blockchain_test_engine_x-mem_size_10240-offset_initialized_False-offset_0-opcode_MSTORE8]-gas-value_100M.txt","172.5882","158.2706","-8.3","579.41","631.83","163.5679,173.877,167.4328,158.3775,150.2091","144.9147,146.1695,154.7775,159.1439,129.2525"
"tests_benchmark_compute_instruction_test_memory.py__test_memory_access[fork_Prague-benchmark-blockchain_test_engine_x-mem_size_10240-offset_initialized_False-offset_1-opcode_MSTORE]-gas-value_100M.txt","210.364","160.0549","-23.92","475.37","624.79","157.8406,166.6335,173.9731,219.4617,154.8044","141.6362,149.0977,158.6294,148.516,160.4113"
"tests_benchmark_compute_instruction_test_memory.py__test_memory_access[fork_Prague-benchmark-blockchain_test_engine_x-mem_size_10240-offset_initialized_False-offset_1-opcode_MSTORE8]-gas-value_100M.txt","180.5796","227.3294","25.89","553.77","439.89","174.3421,176.0755,165.0856,181.7056,151.0243","239.1897,148.8261,161.2988,179.888,139.8213"
"tests_benchmark_compute_instruction_test_memory.py__test_memory_access[fork_Prague-benchmark-blockchain_test_engine_x-mem_size_10240-offset_initialized_False-offset_31-opcode_MSTORE]-gas-value_100M.txt","202.1034","259.5842","28.44","494.8","385.23","174.5748,161.7178,166.4613,208.9856,154.097","158.367,155.4982,161.8763,284.0112,139.0621"
"tests_benchmark_compute_instruction_test_memory.py__test_memory_access[fork_Prague-benchmark-blockchain_test_engine_x-mem_size_10240-offset_initialized_False-offset_31-opcode_MSTORE8]-gas-value_100M.txt","164.6083","234.0184","42.17","607.5","427.32","165.2127,160.361,157.8525,162.1907,159.0379","159.913,150.3037,251.9258,162.3888,159.0516"
"tests_benchmark_compute_instruction_test_memory.py__test_memory_access[fork_Prague-benchmark-blockchain_test_engine_x-mem_size_10240-offset_initialized_True-offset_0-opcode_MSTORE]-gas-value_100M.txt","178.3161","228.4888","28.14","560.8","437.66","172.8668,159.8352,179.0449,175.4009,161.2743","172.7598,155.0196,159.2056,242.4211,147.726"
"tests_benchmark_compute_instruction_test_memory.py__test_memory_access[fork_Prague-benchmark-blockchain_test_engine_x-mem_size_10240-offset_initialized_True-offset_0-opcode_MSTORE8]-gas-value_100M.txt","180.0577","256.6383","42.53","555.38","389.65","180.2267,169.339,163.8439,179.3818,165.1874","207.6054,148.4094,149.8725,268.8965,132.2945"
"tests_benchmark_compute_instruction_test_memory.py__test_memory_access[fork_Prague-benchmark-blockchain_test_engine_x-mem_size_10240-offset_initialized_True-offset_1-opcode_MSTORE]-gas-value_100M.txt","250.6494","199.9214","-20.24","398.96","500.2","166.9944,267.7891,166.566,182.0906,155.008","188.7672,140.0139,156.9909,202.7099,138.8544"
"tests_benchmark_compute_instruction_test_memory.py__test_memory_access[fork_Prague-benchmark-blockchain_test_engine_x-mem_size_10240-offset_initialized_True-offset_1-opcode_MSTORE8]-gas-value_100M.txt","202.3466","194.0567","-4.1","494.2","515.31","162.7562,164.3752,162.2559,182.4849,207.312","169.3141,144.2329,156.7288,200.2423,134.6592"
"tests_benchmark_compute_instruction_test_memory.py__test_memory_access[fork_Prague-benchmark-blockchain_test_engine_x-mem_size_10240-offset_initialized_True-offset_31-opcode_MSTORE]-gas-value_100M.txt","171.7075","151.9118","-11.53","582.39","658.28","161.182,168.5619,172.4939,162.2541,156.2505","151.2792,142.6465,145.3382,148.5579,152.0699"
"tests_benchmark_compute_instruction_test_memory.py__test_memory_access[fork_Prague-benchmark-blockchain_test_engine_x-mem_size_10240-offset_initialized_True-offset_31-opcode_MSTORE8]-gas-value_100M.txt","202.8692","222.1896","9.52","492.93","450.07","163.973,212.5932,161.6792,159.0117,149.7115","147.0506,137.7157,149.7026,240.3114,143.1155"
"tests_benchmark_compute_instruction_test_memory.py__test_memory_access[fork_Prague-benchmark-blockchain_test_engine_x-mem_size_1024-offset_initialized_False-offset_0-opcode_MSTORE]-gas-value_100M.txt","187.3672","183.6598","-1.98","533.71","544.49","183.2234,177.7972,188.4031,154.6833,144.8253","189.4883,153.9038,156.7705,160.3456,155.6932"
"tests_benchmark_compute_instruction_test_memory.py__test_memory_access[fork_Prague-benchmark-blockchain_test_engine_x-mem_size_1024-offset_initialized_False-offset_0-opcode_MSTORE8]-gas-value_100M.txt","180.097","191.172","6.15","555.26","523.09","183.9857,158.6211,164.5424,150.1212,161.5907","199.4379,136.3594,149.7385,148.3061,158.1086"
"tests_benchmark_compute_instruction_test_memory.py__test_memory_access[fork_Prague-benchmark-blockchain_test_engine_x-mem_size_1024-offset_initialized_False-offset_1-opcode_MSTORE]-gas-value_100M.txt","174.9566","167.9442","-4.01","571.57","595.44","162.595,174.6778,163.8521,172.4144,175.0263","170.8155,143.4563,156.4591,156.2642,146.0078"
"tests_benchmark_compute_instruction_test_memory.py__test_memory_access[fork_Prague-benchmark-blockchain_test_engine_x-mem_size_1024-offset_initialized_False-offset_1-opcode_MSTORE8]-gas-value_100M.txt","198.2677","185.4921","-6.44","504.37","539.11","204.0416,174.3836,175.1719,151.9996,160.3839","150.2035,144.621,158.1423,144.732,192.3296"
"tests_benchmark_compute_instruction_test_memory.py__test_memory_access[fork_Prague-benchmark-blockchain_test_engine_x-mem_size_1024-offset_initialized_False-offset_31-opcode_MSTORE]-gas-value_100M.txt","171.3793","156.2865","-8.81","583.5","639.85","168.3099,155.7006,172.1467,154.9137,157.1725","151.822,142.0771,152.0485,157.346,151.8868"
"tests_benchmark_compute_instruction_test_memory.py__test_memory_access[fork_Prague-benchmark-blockchain_test_engine_x-mem_size_1024-offset_initialized_False-offset_31-opcode_MSTORE8]-gas-value_100M.txt","175.8214","158.8742","-9.64","568.76","629.43","170.3136,173.5472,176.3899,160.7505,151.31","141.5244,142.6399,161.7949,147.1914,141.3733"
"tests_benchmark_compute_instruction_test_memory.py__test_memory_access[fork_Prague-benchmark-blockchain_test_engine_x-mem_size_1024-offset_initialized_True-offset_0-opcode_MSTORE]-gas-value_100M.txt","167.0026","163.3974","-2.16","598.79","612","163.643,158.4703,167.8425,153.7052,154.1958","148.2729,151.0417,151.0101,166.0311,152.8627"
"tests_benchmark_compute_instruction_test_memory.py__test_memory_access[fork_Prague-benchmark-blockchain_test_engine_x-mem_size_1024-offset_initialized_True-offset_0-opcode_MSTORE8]-gas-value_100M.txt","179.5871","192.3322","7.1","556.83","519.93","168.4457,164.9787,172.9337,181.2504,152.0876","134.3133,144.528,150.0431,201.7862,154.5164"
"tests_benchmark_compute_instruction_test_memory.py__test_memory_access[fork_Prague-benchmark-blockchain_test_engine_x-mem_size_1024-offset_initialized_True-offset_1-opcode_MSTORE]-gas-value_100M.txt","182.8103","172.0728","-5.87","547.02","581.15","188.1358,161.5083,159.6896,141.4463,145.7813","139.9012,147.0837,157.5433,175.7052,150.4133"
"tests_benchmark_compute_instruction_test_memory.py__test_memory_access[fork_Prague-benchmark-blockchain_test_engine_x-mem_size_1024-offset_initialized_True-offset_1-opcode_MSTORE8]-gas-value_100M.txt","174.7259","173.3474","-0.79","572.32","576.88","175.6508,160.8616,171.0264,155.7106,150.6461","145.1303,137.6869,142.3588,178.1557,154.114"
"tests_benchmark_compute_instruction_test_memory.py__test_memory_access[fork_Prague-benchmark-blockchain_test_engine_x-mem_size_1024-offset_initialized_True-offset_31-opcode_MSTORE]-gas-value_100M.txt","175.1586","199.7931","14.06","570.91","500.52","176.2641,157.4564,170.7366,140.9245,164.6453","140.4845,149.826,159.1152,209.9626,132.5536"
"tests_benchmark_compute_instruction_test_memory.py__test_memory_access[fork_Prague-benchmark-blockchain_test_engine_x-mem_size_1024-offset_initialized_True-offset_31-opcode_MSTORE8]-gas-value_100M.txt","162.1681","161.2878","-0.54","616.64","620.01","157.0035,162.6186,158.3343,160.3662,157.0722","142.4733,143.4501,151.9663,163.6182,131.5079"
"tests_benchmark_compute_instruction_test_memory.py__test_memory_access[fork_Prague-benchmark-blockchain_test_engine_x-mem_size_256-offset_initialized_False-offset_0-opcode_MSTORE]-gas-value_100M.txt","222.4628","161.7743","-27.28","449.51","618.15","154.6351,232.8457,163.7877,156.5647,180.931","148.9385,149.6764,161.4896,161.8455,158.9887"
"tests_benchmark_compute_instruction_test_memory.py__test_memory_access[fork_Prague-benchmark-blockchain_test_engine_x-mem_size_256-offset_initialized_False-offset_0-opcode_MSTORE8]-gas-value_100M.txt","166.2145","170.3683","2.5","601.63","586.96","159.1596,164.742,157.3389,166.5826,146.2706","148.6187,150.2356,175.4015,140.2292,132.8169"
"tests_benchmark_compute_instruction_test_memory.py__test_memory_access[fork_Prague-benchmark-blockchain_test_engine_x-mem_size_256-offset_initialized_False-offset_1-opcode_MSTORE]-gas-value_100M.txt","163.2265","154.2843","-5.48","612.65","648.15","157.3602,159.1661,160.6724,163.865,148.0712","153.1576,152.4081,154.566,138.2133,138.8787"
"tests_benchmark_compute_instruction_test_memory.py__test_memory_access[fork_Prague-benchmark-blockchain_test_engine_x-mem_size_256-offset_initialized_False-offset_1-opcode_MSTORE8]-gas-value_100M.txt","201.0565","160.4962","-20.17","497.37","623.07","207.3388,157.8392,166.3913,155.1648,175.9273","163.2202,143.38,149.6,133.3058,135.3146"
"tests_benchmark_compute_instruction_test_memory.py__test_memory_access[fork_Prague-benchmark-blockchain_test_engine_x-mem_size_256-offset_initialized_False-offset_31-opcode_MSTORE]-gas-value_100M.txt","176.824","165.2393","-6.55","565.53","605.18","179.1351,156.6364,157.5949,166.621,167.5795","144.3184,157.9472,167.0623,143.6137,142.8987"
"tests_benchmark_compute_instruction_test_memory.py__test_memory_access[fork_Prague-benchmark-blockchain_test_engine_x-mem_size_256-offset_initialized_False-offset_31-opcode_MSTORE8]-gas-value_100M.txt","184.2887","162.0127","-12.09","542.63","617.24","188.2694,150.4886,168.3661,159.0193,159.6982","143.0463,145.0075,143.6651,166.264,131.7066"
"tests_benchmark_compute_instruction_test_memory.py__test_memory_access[fork_Prague-benchmark-blockchain_test_engine_x-mem_size_256-offset_initialized_True-offset_0-opcode_MSTORE]-gas-value_100M.txt","244.7917","216.3064","-11.64","408.51","462.31","260.1461,165.5207,183.3742,165.7229,164.6596","160.4256,138.5958,230.0561,161.3076,141.3443"
"tests_benchmark_compute_instruction_test_memory.py__test_memory_access[fork_Prague-benchmark-blockchain_test_engine_x-mem_size_256-offset_initialized_True-offset_0-opcode_MSTORE8]-gas-value_100M.txt","181.5471","153.0381","-15.7","550.82","653.43","183.8596,152.6174,172.2973,160.7515,146.3288","153.2438,141.7547,152.2152,143.0511,138.6673"
"tests_benchmark_compute_instruction_test_memory.py__test_memory_access[fork_Prague-benchmark-blockchain_test_engine_x-mem_size_256-offset_initialized_True-offset_1-opcode_MSTORE]-gas-value_100M.txt","182.4432","168.9392","-7.4","548.12","591.93","172.6561,180.7202,164.5879,182.874,153.546","143.8352,153.4274,160.1078,171.147,139.9471"
"tests_benchmark_compute_instruction_test_memory.py__test_memory_access[fork_Prague-benchmark-blockchain_test_engine_x-mem_size_256-offset_initialized_True-offset_1-opcode_MSTORE8]-gas-value_100M.txt","250.2024","154.0058","-38.45","399.68","649.33","265.1614,190.3666,163.396,162.635,153.7827","149.5093,145.948,155.1299,145.5721,135.5648"
"tests_benchmark_compute_instruction_test_memory.py__test_memory_access[fork_Prague-benchmark-blockchain_test_engine_x-mem_size_256-offset_initialized_True-offset_31-opcode_MSTORE]-gas-value_100M.txt","192.413","153.9672","-19.98","519.72","649.49","197.3878,165.7802,158.1017,172.5136,152.0258","154.1099,153.3965,150.6684,145.7128,142.8186"
"tests_benchmark_compute_instruction_test_memory.py__test_memory_access[fork_Prague-benchmark-blockchain_test_engine_x-mem_size_256-offset_initialized_True-offset_31-opcode_MSTORE8]-gas-value_100M.txt","185.7518","159.8116","-13.96","538.35","625.74","164.3127,187.9917,176.792,159.6872,155.3903","162.7258,142.2311,148.1546,144.2265,132.8999"
"tests_benchmark_compute_instruction_test_memory.py__test_memory_access[fork_Prague-benchmark-blockchain_test_engine_x-mem_size_32-offset_initialized_False-offset_0-opcode_MSTORE]-gas-value_100M.txt","174.4118","161.7692","-7.25","573.36","618.16","175.2614,171.0134,163.7774,158.1654,157.2901","155.3125,147.4964,150.6855,163.3834,142.4596"
"tests_benchmark_compute_instruction_test_memory.py__test_memory_access[fork_Prague-benchmark-blockchain_test_engine_x-mem_size_32-offset_initialized_False-offset_0-opcode_MSTORE8]-gas-value_100M.txt","170.7221","146.0902","-14.43","585.75","684.51","169.1107,171.1249,168.6592,164.9976,156.5901","142.2227,145.1683,146.3207,138.3428,137.2139"
"tests_benchmark_compute_instruction_test_memory.py__test_memory_access[fork_Prague-benchmark-blockchain_test_engine_x-mem_size_32-offset_initialized_False-offset_1-opcode_MSTORE]-gas-value_100M.txt","228.1771","174.5046","-23.52","438.26","573.05","184.5786,239.0767,169.8172,159.3975,159.279","178.1367,143.3404,150.9049,159.9761,143.1486"
"tests_benchmark_compute_instruction_test_memory.py__test_memory_access[fork_Prague-benchmark-blockchain_test_engine_x-mem_size_32-offset_initialized_False-offset_1-opcode_MSTORE8]-gas-value_100M.txt","224.3595","152.2467","-32.14","445.71","656.83","164.741,234.4152,163.6855,184.1367,156.0094","143.4883,143.3048,146.9958,146.3831,153.5594"
"tests_benchmark_compute_instruction_test_memory.py__test_memory_access[fork_Prague-benchmark-blockchain_test_engine_x-mem_size_32-offset_initialized_False-offset_31-opcode_MSTORE]-gas-value_100M.txt","194.586","164.1391","-15.65","513.91","609.24","176.3721,160.0855,199.1395,160.2088,158.7109","154.1017,149.7046,151.9525,166.6484,139.3007"
"tests_benchmark_compute_instruction_test_memory.py__test_memory_access[fork_Prague-benchmark-blockchain_test_engine_x-mem_size_32-offset_initialized_False-offset_31-opcode_MSTORE8]-gas-value_100M.txt","183.4271","156.0462","-14.93","545.18","640.84","182.4385,183.6742,165.8037,176.7777,173.2488","144.756,140.1072,156.1279,155.7195,138.4204"
"tests_benchmark_compute_instruction_test_memory.py__test_memory_access[fork_Prague-benchmark-blockchain_test_engine_x-mem_size_32-offset_initialized_True-offset_0-opcode_MSTORE]-gas-value_100M.txt","212.8814","154.6463","-27.36","469.75","646.64","188.4892,157.1523,218.9795,160.7305,161.9873","150.5529,141.6867,155.0603,152.9903,140.3281"
"tests_benchmark_compute_instruction_test_memory.py__test_memory_access[fork_Prague-benchmark-blockchain_test_engine_x-mem_size_32-offset_initialized_True-offset_0-opcode_MSTORE8]-gas-value_100M.txt","168.5379","173.1231","2.72","593.34","577.62","168.8769,158.4376,164.9807,160.5284,167.182","144.6921,140.9199,142.1974,174.4278,167.9045"
"tests_benchmark_compute_instruction_test_memory.py__test_memory_access[fork_Prague-benchmark-blockchain_test_engine_x-mem_size_32-offset_initialized_True-offset_1-opcode_MSTORE]-gas-value_100M.txt","178.6922","167.4634","-6.28","559.62","597.15","164.4646,166.3234,169.1304,181.0826,150.9005","153.9271,140.0803,150.4307,165.4871,167.9575"
"tests_benchmark_compute_instruction_test_memory.py__test_memory_access[fork_Prague-benchmark-blockchain_test_engine_x-mem_size_32-offset_initialized_True-offset_1-opcode_MSTORE8]-gas-value_100M.txt","166.7792","199.886","19.85","599.6","500.29","162.704,166.2475,151.1403,166.9121,158.5737","150.7243,142.9852,159.7385,208.9549,163.6104"
"tests_benchmark_compute_instruction_test_memory.py__test_memory_access[fork_Prague-benchmark-blockchain_test_engine_x-mem_size_32-offset_initialized_True-offset_31-opcode_MSTORE]-gas-value_100M.txt","178.8685","225.1483","25.87","559.07","444.15","171.0005,162.5865,164.7035,180.8355,150.7995","148.0663,147.9588,147.6667,244.4188,144.2292"
"tests_benchmark_compute_instruction_test_memory.py__test_memory_access[fork_Prague-benchmark-blockchain_test_engine_x-mem_size_32-offset_initialized_True-offset_31-opcode_MSTORE8]-gas-value_100M.txt","231.2588","180.2942","-22.04","432.42","554.65","245.5631,160.677,149.2767,174.0414,151.4117","144.2833,136.2176,148.3706,185.1467,160.8844"
